<?xml version="1.0" encoding="UTF-8"?>
<!DOCTYPE mapper
  PUBLIC "-//mybatis.org//DTD Mapper 3.0//EN"
  "http://mybatis.org/dtd/mybatis-3-mapper.dtd">
<mapper namespace="com.covid19.mybatis.PickedMapper">
<select id="getAllBoard" parameterType="hashMap"
		resultType="ReplyBoardBean">
		SELECT * FROM (
		SELECT B.*, ROWNUM AS NUM FROM (SELECT * FROM REPLYBOARD ORDER BY REF DESC,
		RELEVEL ASC) B)
		WHERE NUM <![CDATA[>=]]>
		#{start} AND NUM <![CDATA[<=]]>
		#{end}
	</select>

	<select id="getTotal" resultType="Integer">
		SELECT COUNT(*) AS TOTAL FROM REPLYBOARD
	</select>
	
	<select id="getMaxRef" resultType="Integer">
		SELECT NVL(MAX(REF),1) FROM REPLYBOARD
	</select>

	<insert id="insertBoard" parameterType="ReplyBoardBean">
		INSERT INTO REPLYBOARD VALUES (REPLYBOARD_SEQ.NEXTVAL,
										#{email},
										#{subject},
										SYSDATE,
										#{ref},
										#{reStep},
										#{reLevel},
										#{readCount},
										#{contents},
										#{memberId}
									   )
	</insert>
	
	<update id="updateReadCount" parameterType="Integer">
		UPDATE REPLYBOARD SET READCOUNT = READCOUNT + 1 WHERE NO = #{no}
	</update>
	
	<select id="getSelectOneBoard" parameterType="Integer" resultType="ReplyBoardBean">
		SELECT * FROM REPLYBOARD WHERE NO = #{no}
	</select>
	
	<update id="updateBoard" parameterType="ReplyBoardBean">
		UPDATE REPLYBOARD SET EMAIL=#{email},
		                      SUBJECT=#{subject},
		                      CONTENTS=#{contents} 
		                      WHERE NO = #{boardNo}
		                      
	</update>
	
	<update id="updateRefAndLevel" parameterType="ReplyBoardBean">
		UPDATE REPLYBOARD SET RELEVEL = RELEVEL + 1 WHERE REF = #{ref} AND RELEVEL > #{reLevel}
	</update>
	
	<insert id="rewriteBoard" parameterType="ReplyBoardBean">
		<selectKey keyProperty="no" resultType="Integer" order="BEFORE">
			SELECT REPLYBOARD_SEQ.NEXTVAL FROM DUAL
		</selectKey>
		INSERT INTO REPLYBOARD VALUES ( #{no},
										#{email},
										#{subject},
										SYSDATE,
										#{ref},
										#{reStep},
										#{reLevel},
										#{readCount},
										#{contents}
										)
	</insert>
	
<!-- 	<select id="getPasswordBoard" parameterType="Integer" resultType="String"> -->
<!-- 		SELECT PASSWORD FROM REPLYBOARD02 WHERE NO = #{no} -->
<!-- 	</select> -->
	
	<delete id="deleteBoard" parameterType="Integer">
		DELETE FROM REPLYBOARD WHERE NO = #{boardNo}
	</delete>
	
</mapper>